[{"Y:\\ST3\\Data\\Packages\\User\\F2E_Completions.sublime-completions": "ASCII"}, {"Y:\\ST3\\Data\\Packages\\User\\Default (Windows).sublime-keymap": "ASCII"}, {"C:\\SASS_2015\\example\\19_susy_rwd_website\\sass\\layout.scss": "ASCII"}, {"C:\\SASS_2015\\example\\19_susy_rwd_website\\index.html": "UTF-8"}, {"E:\\Data\\Desktop\\ST_NEW\\Data\\Settings\\SideBarEnhancements.json": "ASCII"}, {"E:\\Dropbox\\Project\\Template\\index.html": "ASCII"}, {"E:\\Data\\Desktop\\ST_NEW\\Data\\Packages\\User\\Preferences.sublime-settings": "ASCII"}, {"E:\\Data\\Desktop\\ST_NEW\\Data\\Packages\\User\\SideBarEnhancements\\Open With\\Side Bar.sublime-menu": "ASCII"}, {"E:\\Data\\Desktop\\ST_NEW\\Data\\Packages\\User\\Default (Windows).sublime-keymap": "ASCII"}, {"E:\\Dropbox\\Project\\Template\\sass\\style.scss": "UTF-8"}, {"E:\\Dropbox\\Project\\Template\\css\\style.css": "ASCII"}, {"E:\\Data\\Desktop\\ST_NEW\\Data\\Packages\\User\\Emmet.sublime-settings": "ASCII"}, {"E:\\Dropbox\\Project\\_template\\sass\\layout.scss": "UTF-8"}, {"E:\\Dropbox\\Project\\201507_PhotoNetwork\\sass\\index.scss": "ASCII"}, {"E:\\Dropbox\\Project\\201507_PhotoNetwork\\index.html": "ASCII"}, {"E:\\svn\\201507_YilanTicket2\\index.html": "UTF-8"}, {"E:\\Dropbox\\Project\\_template\\sass\\index.scss": "UTF-8"}, {"E:\\Dropbox\\Project\\_template\\ly_th_md_pt.txt": "ASCII"}, {"E:\\Dropbox\\Project\\_template\\tag.txt": "UTF-8"}, {"E:\\Dropbox\\Project\\Template\\temp.txt": "ASCII"}, {"E:\\Dropbox\\Project\\Template\\tag.txt": "UTF-8"}, {"E:\\Dropbox\\Project\\Template\\ly_th_md_pt.txt": "ASCII"}, {"E:\\Dropbox\\Project\\_template\\th_md_pt.txt": "ASCII"}, {"E:\\Dropbox\\Project\\_template\\wrap.txt": "ASCII"}, {"E:\\Dropbox\\Project\\_template\\watch.bat": "ASCII"}, {"E:\\Dropbox\\Project\\_template\\config.rb": "ASCII"}, {"E:\\Dropbox\\Project\\_template\\erb\\build.rb": "ASCII"}, {"E:\\Dropbox\\Project\\tableRWD\\sass\\style.scss": "ASCII"}, {"E:\\Dropbox\\Project\\tableRWD\\index.html": "UTF-8"}, {"E:\\Dropbox\\Project\\Template\\wrap.txt": "ASCII"}, {"E:\\Dropbox\\Project\\Template\\th_md_pt.txt": "ASCII"}, {"E:\\svn\\201506_PenghuRun\\Highlights.html": "UTF-8"}, {"E:\\Dropbox\\Project\\201506_PenghuRun\\Highlights.html": "UTF-8"}, {"E:\\Dropbox\\Project\\201506_PenghuRun\\new.html": "UTF-8"}, {"E:\\Dropbox\\Project\\SlideShow\\03.html": "ASCII"}, {"E:\\Dropbox\\Project\\SlideShow\\index.html": "ASCII"}, {"E:\\svn\\201507_PhotoNetwork\\js\\gallery.js": "ASCII"}, {"E:\\svn\\201507_PhotoNetwork\\gallery01.html": "UTF-8"}, {"E:\\svn\\201507_PhotoNetwork\\js\\script.js": "ASCII"}, {"E:\\Dropbox\\Project\\_template\\sass\\_reset.scss": "ASCII"}, {"E:\\Dropbox\\Project\\_template\\sass\\style.scss": "ASCII"}, {"E:\\Dropbox\\Project\\_template\\index.html": "ASCII"}, {"C:\\Users\\user\\AppData\\Local\\Temp\\Rar$DR00.085\\Adjust Dashes (offset).js": "ASCII"}, {"E:\\svn\\201507_YilanTicket2\\js\\index.js": "ASCII"}, {"E:\\svn\\201507_YilanTicket2\\ticket_page.html": "UTF-8"}, {"E:\\Dropbox\\Project\\Template\\js\\jquery.mouse.js": "ASCII"}, {"E:\\Data\\Desktop\\jquery-hoverIntent-master\\jquery.mouse.js": "ASCII"}, {"E:\\Dropbox\\Project\\_slideMenu\\js\\mousestop.min.js": "ASCII"}, {"E:\\svn\\201507_YilanTicket2\\sass\\style.scss": "ASCII"}, {"E:\\svn\\201507_YilanTicket2\\css\\style.css": "ASCII"}, {"E:\\Dropbox\\Project\\SlideShow\\js\\slideShow.txt": "ASCII"}, {"E:\\Dropbox\\Project\\SlideShow\\js\\slideShow.js": "ASCII"}, {"E:\\Dropbox\\Project\\_slideMenu\\index.html": "ASCII"}, {"E:\\Dropbox\\Project\\test0508\\index.html": "ASCII"}, {"E:\\svn\\201507_CI777\\index.html": "UTF-8"}, {"\\\\other-share3\\ec\u516c\u7528\\LionTech_F2E\\C849_\u9673\u5efa\u5fd7\\201508_AustraliaOutback\\201508_AustraliaOutback\\index.html": "ASCII"}, {"E:\\Dropbox\\Project\\201507_PhotoNetwork\\sass\\tour.scss": "ASCII"}, {"E:\\Dropbox\\Project\\201507_PhotoNetwork\\landmark.html": "UTF-8"}, {"E:\\Dropbox\\Project\\201507_PhotoNetwork\\sass\\landmark.scss": "ASCII"}, {"E:\\Dropbox\\Project\\201507_PhotoNetwork\\tour.html": "UTF-8"}, {"E:\\Dropbox\\Project\\201507_PhotoNetwork\\js\\script.js": "ASCII"}, {"E:\\Dropbox\\Project\\201507_PhotoNetwork\\js\\jquery.wf.js": "ASCII"}, {"E:\\Dropbox\\Project\\201507_PhotoNetwork\\js\\wf.js": "ASCII"}, {"E:\\Dropbox\\Project\\201507_PhotoNetwork\\vote.html": "UTF-8"}, {"E:\\Dropbox\\Project\\201507_PhotoNetwork\\sass\\box.scss": "ASCII"}, {"E:\\Data\\Desktop\\jquery-hoverIntent-master\\jquery.hoverIntent.js": "ASCII"}, {"E:\\Data\\Desktop\\jquery-hoverIntent-master\\jquery.hoverIntent.html": "ASCII"}, {"E:\\Data\\Desktop\\superfish-master\\src\\js\\hoverIntent.js": "ASCII"}, {"E:\\Data\\Desktop\\superfish-master\\src\\js\\mouseInOut.js": "ASCII"}, {"E:\\Dropbox\\Project\\201507_PhotoNetwork\\master03.html": "UTF-8"}, {"E:\\Data\\Desktop\\superfish-master\\src\\js\\superfish.js": "ASCII"}, {"E:\\Dropbox\\Project\\201507_PhotoNetwork\\gallery01.html": "UTF-8"}, {"E:\\Data\\Desktop\\superfish-master\\examples\\megamenu.html": "UTF-8"}, {"E:\\Data\\Desktop\\superfish-master\\src\\js\\supersubs.js": "ASCII"}, {"E:\\Data\\Desktop\\superfish-master\\examples\\basic.html": "ASCII"}, {"\\\\other-share3\\ec\u516c\u7528\\LionTech_F2E\\C717_Sally\\201508_GrandTour\\sass\\style.scss": "UTF-8"}, {"E:\\svn\\201507_YilanTicket2\\js\\indexIE.js": "ASCII"}, {"E:\\Dropbox\\Project\\_slideMenu\\sass\\style.scss": "UTF-8"}, {"E:\\svn\\201507_YilanTicket2\\config.rb": "ASCII"}, {"E:\\Dropbox\\Project\\201507_PhotoNetwork\\preview_box.html": "UTF-8"}, {"E:\\Dropbox\\Project\\201507_PhotoNetwork\\intro_box.html": "UTF-8"}, {"E:\\Dropbox\\Project\\201507_HeavenLand\\sass\\style.scss": "ASCII"}, {"E:\\Dropbox\\Project\\201507_PhotoNetwork\\finish_box.html": "UTF-8"}, {"E:\\Dropbox\\Project\\201507_Henan\\th_md_pt.txt": "ASCII"}, {"E:\\Dropbox\\Project\\201507_PhotoNetwork\\js\\wf.txt": "ASCII"}, {"E:\\Dropbox\\Project\\201507_PhotoNetwork\\sass\\style.scss": "ASCII"}, {"E:\\Dropbox\\Project\\201507_PhotoNetwork\\sass\\gallery.scss": "ASCII"}, {"E:\\Dropbox\\Project\\201507_PhotoNetwork\\data.txt": "UTF-8"}, {"E:\\Dropbox\\Project\\201507_PhotoNetwork\\upload_box.html": "UTF-8"}, {"\\\\Other-share3\\\u5091\u68ee\u516c\u7528\\JWI\u516c\u75282\\Mina\u923a\u5a77\\2015\u6728\u67f5\u5e73\u6eaa\u5b98\u7db2\\\u5c01\u5305\\0729\\201506_PingXi\\jp\\index.html": "UTF-8"}, {"E:\\Dropbox\\Project\\YVTR\\index.html": "UTF-8"}, {"E:\\Data\\Downloads\\freetravel.js": "UTF-8"}, {"C:\\Users\\user\\AppData\\Local\\Temp\\Rar$DR00.777\\freetravel.js": "UTF-8"}, {"E:\\svn\\201507_CI777\\sass\\style.scss": "ASCII"}, {"\\\\other-share3\\ec\u516c\u7528\\LionTech_F2E\\C717_Sally\\201507_CI777\\css\\style.css": "ASCII"}, {"E:\\Dropbox\\Project\\201507_PhotoNetwork\\rules.html": "UTF-8"}, {"E:\\Dropbox\\Project\\201507_PhotoNetwork\\sass\\rules.scss": "ASCII"}, {"E:\\Dropbox\\Project\\201507_PhotoNetwork\\sass\\vote.scss": "ASCII"}, {"E:\\Dropbox\\Project\\SlideShow\\sass\\style03.scss": "UTF-8"}, {"E:\\Dropbox\\Project\\SlideShow\\sass\\style.scss": "UTF-8"}]